MAPE,MSE,bestParam
[29.644574144801982],[0.00747094907472556],"[1, 4, 0, 2]"
