MAPE,MSE,bestParam
[27.271971832382558],[0.0022184842588662047],"[0, 3, 6, 1]"
