MAPE,MSE,bestParam
[77.67074699709092],[0.0002672366167698876],"[0, 1, 3]"
