MAPE,MSE,bestParam
[66.21927581128035],[0.006513220698513556],"[2, 0, 5, 0]"
