MAPE,MSE,bestParam
[45.08662568078942],[3.0790557685648924e-05],"[2, 3, 1]"
